Species,Common Name,IUIS Name,Description,,
Helix aspersa,brown garden snail, Hel as 1,tropomyosin,,
Secale cereale,abalone, Sec c 38,alpha-amylase inhibitor,,
Vachellia farnesiana,Alaska pollock,Aca f 2,profilin,,
Actinidia chinensis,Alaska pollock,Act c 10,"lipid transfer protein, partial",,
Actinidia chinensis,alder,Act c 5,kiwellin,,
Actinidia chinensis,alder,Act c 8,"pathogenesis related protein, PR-10, Bet v 1-like",,
Actinidia deliciosa,almond,Act d 1,actinidin,,
Actinidia deliciosa,almond,Act d 1,actinidin,,
Actinidia chinensis,almond,Act d 1,actinidin,,
Actinidia deliciosa,almond,Act d 1,actinidin,,
Actinidia deliciosa,almond,Act d 10,lipid transfer protein,,
Actinidia deliciosa,almond,Act d 10,lipid transfer protein,,
Actinidia deliciosa,almond,Act d 11,"pathogenesis related protein, PR-10, Bet v 1-like",,
Actinidia deliciosa,almond,Act d 12,"11S globulin, cupin, partial",,
Actinidia deliciosa,almond,Act d 12,"11S globulin, cupin, partial",,
Actinidia deliciosa,almond,Act d 12,"11S globulin, cupin, partial",,
Actinidia deliciosa,almond,Act d 12,"11S globulin, cupin, partial",,
Actinidia deliciosa,almond,Act d 2,thaumatin-like,,
Actinidia deliciosa,almond,Act d 2,thaumatin-like,,
Actinidia deliciosa,almond,Act d 3,"unknown function, partial from P85063.3",,
Actinidia deliciosa,almond,Act d 4,phytocystatin,,
Actinidia deliciosa,almond,Act d 5,kiwellin,,
Actinidia deliciosa,almond,Act d 5,kiwellin,,
Actinidia deliciosa,American lobster,Act d 5,kiwellin,,Total list of allergens
Actinidia deliciosa,American lobster,Act d 5,kiwellin,,
Actinidia deliciosa,American oyster,Act d 5,"kiwellin, partial",,
Actinidia deliciosa,American oyster,Act d 5,kiwellin,,
Actinidia deliciosa,apple,Act d 8,"pathogenesis related protein, PR-10, Bet v 1-like",,
Actinidia deliciosa,apple,Act d 9,profilin,,
Alnus glutinosa,apple,Aln g 1,"pathogenesis related protein, PR-10, Bet v 1-like",,
Alnus glutinosa,apple,Aln g 4,"calcium-binding protein, polcalcin",,
Ambrosia psilostachya,apple,Amb p 5,unknown function,,
Ambrosia psilostachya,apple,Amb p 5,unknown function,,
Ambrosia psilostachya,apple,Amb p 5,unknown function,,
Ambrosia psilostachya,apple,Amb p 5,unknown function,,
Ambrosia psilostachya,apple,Amb p 5,unknown function,,
Ananas comosus,apple,Ana c 1,profilin,,
Ananas comosus,apple,Ana c 2,"bromelain, sulfhydryl protease",,
Anacardium occidentale,apple,Ana o 1,"7S globulin, vicilin-like",,
Anacardium occidentale,apple,Ana o 1,"7S globulin, vicilin-like",,
Anacardium occidentale,apple,Ana o 2,"11S globulin, glycinin, cupin",,
Anacardium occidentale,apple,Ana o 3,"2S albumin, conglutin",,
Apium graveolens,apple,Api g 1,"pathogenesis related protein, PR-10, Bet v 1-like",,
Apium graveolens,apple,Api g 1,"pathogenesis related protein, PR-10, Bet v 1-like",,
Apium graveolens,apple,Api g 2,lipid transfer protein,,
Apium graveolens,apple,Api g 4,profilin,,
Apium graveolens,apple,Api g 5,FAD-containing oxidase,,
Apium graveolens,apple,Api g 6,lipid transfer protein,,
Apium graveolens,apple,Api g 7,defensin,,
Arachis hypogaea,apple,Ara h 1,"7S globulin, vicilin",,
Arachis hypogaea,apple,Ara h 1,"7S globulin, vicilin",,
Arachis hypogaea,apple,Ara h 1,"7S globulin, vicilin, partial",,
Arachis hypogaea,apple,Ara h 1,"7S globulin, vicilin, partial",,
Arachis hypogaea,apple,Ara h 1,"7S globulin, vicilin, partial",,
Arachis hypogaea,apple,Ara h 1,"7S globulin, vicilin",,
Arachis hypogaea,apple,Ara h 1,"7S globulin, vicilin, partial",,
Arachis hypogaea,apple,Ara h 10,oleosin,,
Arachis hypogaea,apple,Ara h 10,oleosin,,
Arachis hypogaea,apple,Ara h 11,oleosin,,
Arachis hypogaea,apple,Ara h 11,oleosin,,
Arachis hypogaea,apple,Ara h 12,defensin,,
Arachis hypogaea,apple,Ara h 13,defensin,,
Arachis hypogaea,apple,Ara h 13,defensin,,
Arachis hypogaea,apple,Ara h 14,"oleosin, partial from Q9AXI1.1, Q9AXI0.1, Q6J1J8.1",,
Arachis hypogaea,apple,Ara h 14,"oleosin, partial from Q9AXI1.1, Q9AXI0.1, Q6J1J8.1",,
Arachis hypogaea,apple,Ara h 14,"oleosin, partial from Q9AXI1.1, Q6J1J8.1",,
Arachis hypogaea,apple,Ara h 14,"oleosin, partial from Q9AXI0.1",,
Arachis hypogaea,apple,Ara h 14,"oleosin, partial from Q9AXI1.1, Q6J1J8.1",,
Arachis hypogaea,apple,Ara h 14,"oleosin, partial from Q9AXI0.1",,
Arachis hypogaea,apple,Ara h 15,oleosin,,
Arachis hypogaea,apple,Ara h 18,cyclophilin,,
Arachis hypogaea,apple,Ara h 2,"2S albumin, conglutin",,
Arachis hypogaea,apple,Ara h 2,"2S albumin, conglutin",,
Arachis hypogaea,apple,Ara h 2,"2S albumin, conglutin",,
Arachis hypogaea,apple,Ara h 2,"2S albumin, conglutin",,
Arachis hypogaea,apple,Ara h 3,"11S globulin, cupin",,
Arachis hypogaea,apple,Ara h 3,"11S globulin, cupin",,
Arachis hypogaea,apple,Ara h 3,"11S globulin, cupin",,
Arachis hypogaea,apple,Ara h 3,"11S globulin, cupin, partial",,
Arachis hypogaea,apple,Ara h 3,"11S globulin, cupin",,
Arachis hypogaea,apple,Ara h 3,"11S globulin, cupin",,
Arachis hypogaea,apple,Ara h 3,"11S globulin, cupin",,
Arachis hypogaea,apple,Ara h 3,"11S globulin, cupin",,
Arachis hypogaea,apple,Ara h 5,profilin,,
Arachis hypogaea,apple,Ara h 5,profilin,,
Arachis hypogaea,apple,Ara h 5,profilin,,
Arachis hypogaea,apple,Ara h 6,"2S albumin, conglutin",,
Arachis hypogaea,apple,Ara h 6,"2S albumin, conglutin",,
Arachis hypogaea,apricot,Ara h 6,"2S albumin, conglutin",,
Arachis hypogaea,apricot,Ara h 6,"2S albumin, conglutin",,
Arachis hypogaea,apricot,Ara h 7,"2S albumin, conglutin",,
Arachis hypogaea,apricot,Ara h 7,"2S albumin, conglutin",,
Arachis hypogaea,apricot,Ara h 7,"2S albumin, conglutin",,
Arachis hypogaea,apricot,Ara h 8,"pathogenesis related protein, PR-10, Bet v 1-like",,
Arachis hypogaea,Asian green mussell,Ara h 8,"pathogenesis related protein, PR-10, Bet v 1-like",,
Arachis hypogaea,Asian seabass,Ara h 8,"pathogenesis related protein, PR-10, Bet v 1-like",,
Arachis hypogaea,Asian seabass,Ara h 8,"pathogenesis related protein, PR-10, Bet v 1-like",,
Arachis hypogaea,Atlantic cod,Ara h 9,lipid transfer protein,,
Arachis hypogaea,Atlantic cod,Ara h 9,lipid transfer protein,,
Bertholletia excelsa,Atlantic cod,Ber e 1,"2S albumin, conglutin",,
Bertholletia excelsa,Atlantic cod,Ber e 2,"11S globulin, cupin",,
Beta vulgaris,Atlantic cod,Beta v 1,"Ole e 1-like, partial",,
Beta vulgaris,Atlantic cod,Beta v 1,"Ole e 1-like, partial",,
Beta vulgaris,Atlantic herring,Beta v 1,"Ole e 1-like, partial",,
Beta vulgaris,Atlantic herring,Beta v 2,profilin,,
Bos taurus,Atlantic mackerel,Bos d 11,beta-casein,,
Bos taurus,avocado,Bos d 11,beta-casein,,
Bos taurus,Baltic cod,Bos d 11,beta-casein,,
Bos taurus,banana,Bos d 11,beta-casein,,
Bos taurus,banana,Bos d 12,kappa-casein,,
Bos taurus,banana,Bos d 12,kappa-casein,,
Bos taurus,banana,Bos d 2,lipocalin ,,
Bos taurus,banana,Bos d 3,calcium-binding protein,,
Bos taurus,banana,Bos d 4,alpha-lactalbumin,,
Bos taurus,banana,Bos d 4,alpha-lactalbumin,,
Bos taurus,banana prawn,Bos d 5,beta-lactoglobulin,,
Bos taurus,banana prawn,Bos d 5,beta-lactoglobulin,,
Bos taurus,barley,Bos d 5,"beta-lactoglobulin, partial",,
Bos taurus,barley,Bos d 5,beta-lactoglobulin,,
Bos taurus,barley,Bos d 6,serum albumin,,
Bos taurus,barley,Bos d 6,serum albumin,,
Bos taurus,barley,Bos d 9,"alphaS1-casein, partial",,
Bos taurus,barley,Bos d 9,alphaS1-casein,,
Bos taurus,barley,Bos d 9,"alphaS1-casein, partial",,
Bos taurus,barley,Bos d 9,alphaS1-casein,,
Bos taurus,barley,Bos d 9,alphaS1-casein,,
Bos taurus,barley,Bos d 9,"alphaS1-casein, partial",,
Bos taurus,barley,Bos d 9,"alphaS1-casein, partial",,
Brassica rapa,bell pepper,Bra r 5,"calcium-binding protein, polcalcin",,
Brassica rapa,bell pepper,Bra r 5,"calcium-binding protein, polcalcin",,
Cannabis sativa,Benguela hake,Can s 2,profilin,,
Cannabis sativa,Benguela hake,Can s 3,lipid transfer protein,,
Cannabis sativa,bigfin reef squid,Can s 5,"pathogenesis related protein, PR-10, Bet v 1-like",,
Candida albicans,black mulberry,Cand a 1,alcohol dehydrogenase,,
Candida albicans,black poplar,Cand a 3,peroxisomal protein,,
Capsicum annuum,black tiger shrimp,Cap a 1,thaumatin-like,,
Capsicum annuum,black tiger shrimp,Cap a 2,profilin,,
Carya illinoinensis,black tiger shrimp,Car i 1,"2S albumin, conglutin",,
Carya illinoinensis,black tiger shrimp,Car i 2,"7S globulin, vicilin-like",,
Carya illinoinensis,black tiger shrimp,Car i 4,"11S globulin, cupin",,
Carya illinoinensis,black tiger shrimp,Car i 4,"11S globulin, cupin",,
Carica papaya,black tiger shrimp,Cari p 1,polygalacturonase,,
Castanea sativa,black tiger shrimp,Cas s 1,"pathogenesis related protein, PR-10, Bet v 1-like",,
Castanea sativa,black walnut,Cas s 1,"pathogenesis related protein, PR-10, Bet v 1-like",,
Castanea sativa,black walnut,Cas s 1,"pathogenesis related protein, PR-10, Bet v 1-like",,
Castanea sativa,black walnut,Cas s 1,"pathogenesis related protein, PR-10, Bet v 1-like",,
Castanea sativa,blue hake,Cas s 5,chitinase ,,
Castanea sativa,blue swimmer crab,Cas s 5,chitinase,,
Charybdis feriata,Brazil nut,Cha f 1,tropomyosin,,
Citrus limon,Brazil nut,Cit l 3,lipid transfer protein,,
Citrus sinensis,brook trout,Cit s 1,"germin-like, partial",,
Citrus sinensis,brook trout,Cit s 2,profilin,,
Citrus sinensis,brown shrimp,Cit s 3,lipid transfer protein,,
Citrus sinensis,buckwheat,Cit s 3,lipid transfer protein,,
Citrus sinensis,buckwheat,Cit s 7,"gibberellin-regulated protein, partial",,
Citrullus lanatus,buckwheat,Citr l 2,profilin,,
Clupea harengus,buckwheat,Clu h 1,"calcium-binding protein, parvalbumin",,
Clupea harengus,buckwheat,Clu h 1,"calcium-binding protein, parvalbumin",,
Clupea harengus,buckwheat,Clu h 1,"calcium-binding protein, parvalbumin",,
Coffea arabica,buckwheat,Cof a 1,chitinase,,
Coffea arabica,buckwheat,Cof a 2,metallothionein,,
Coffea arabica,buckwheat,Cof a 3,metallothionein,,
Corylus avellana,buckwheat,Cor a 1,"pathogenesis related protein, PR-10, Bet v 1-like",,
Corylus avellana,buckwheat,Cor a 1,"pathogenesis related protein, PR-10, Bet v 1-like",,
Corylus avellana,buckwheat,Cor a 1,"pathogenesis related protein, PR-10, Bet v 1-like",,
Corylus avellana,buckwheat,Cor a 1,"pathogenesis related protein, PR-10, Bet v 1-like",,
Corylus avellana,buckwheat,Cor a 1,"pathogenesis related protein, PR-10, Bet v 1-like",,
Corylus avellana,carp,Cor a 1,"pathogenesis related protein, PR-10, Bet v 1-like",,
Corylus avellana,carp,Cor a 1,"pathogenesis related protein, PR-10, Bet v 1-like",,
Corylus avellana,carp,Cor a 1,"pathogenesis related protein, PR-10, Bet v 1-like",,
Corylus avellana,carrot,Cor a 1,"pathogenesis related protein, PR-10, Bet v 1-like",,
Corylus avellana,carrot,Cor a 1,"pathogenesis related protein, PR-10, Bet v 1-like",,
Corylus avellana,carrot,Cor a 1,"pathogenesis related protein, PR-10, Bet v 1-like, partial",,
Corylus avellana,carrot,Cor a 11,"7S globulin, vicilin-like",,
Corylus avellana,carrot,Cor a 12,oleosin,,
Corylus avellana,carrot,Cor a 13,oleosin,,
Corylus avellana,carrot,Cor a 14,"2S albumin, conglutin",,
Corylus avellana,carrot,Cor a 15,oleosin,,
Corylus avellana,carrot,Cor a 2,profilin,,
Corylus avellana,carrot,Cor a 2,profilin,,
Corylus avellana,carrot,Cor a 2,profilin,,
Corylus avellana,carrot,Cor a 2,profilin,,
Corylus avellana,carrot,Cor a 2,profilin,,
Corylus avellana,carrot,Cor a 2,profilin,,
Corylus avellana,carrot,Cor a 2,profilin,,
Corylus avellana,carrot,Cor a 2,profilin,,
Corylus avellana,carrot,Cor a 8,lipid transfer protein,,
Corylus avellana,carrot,Cor a 9,"11S globulin, cupin",,
Corylus avellana,carrot,Cor a 9,"11S globulin, cupin",,
Crassostrea angulata,cashew,Cra a 2,arginine kinase,,
Crassostrea angulata,cashew,Cra a 4,"calcium-binding protein, sarcoplasmic calcium-binding protein",,
Crangon crangon,cashew,Cra c 1,tropomyosin,,
Crangon crangon,cashew,Cra c 2,arginine kinase,,
Crangon crangon,cassava,Cra c 4,"calcium-binding protein, sarcoplasmic calcium-binding protein",,
Crangon crangon,cassava,Cra c 5,myosin light chain,,
Crangon crangon,castor bean,Cra c 6,troponin C,,
Crangon crangon,celery,Cra c 8,triosephosphate isomerase,,
Crassostrea gigas,celery,Cra g 1,tropomyosin,,
Crassostrea gigas,celery,Cra g 1,tropomyosin,,
Ctenopharyngodon idella,celery,Cten i 1,"calcium-binding protein, parvalbumin",,
Cucumis melo,celery,Cuc m 1,"serine protease, cucumisin",,
Cucumis melo,celery,Cuc m 2,profilin,,
Cucumis melo,celery,Cuc m 2,profilin,,
Cucumis melo,cherry,Cuc m 3,"pathogenesis related protein, PR-1",,
Cucurbita maxima,cherry,Cuc ma 4,"11S globulin, glycinin, cupin, partial from P13744.1",,
Cucurbita maxima,cherry,Cuc ma 4,"11S globulin, glycinin, cupin, partial from P13744.1",,
Cucurbita maxima,cherry,Cuc ma 4,"11S globulin, glycinin, cupin, partial from P13744.1",,
Cucurbita maxima,cherry,Cuc ma 4,"11S globulin, glycinin, cupin, partial from P13744.1",,
Cucurbita maxima,cherry,Cuc ma 4,"11S globulin, glycinin, cupin, partial from P13744.1",,
Cucurbita maxima,cherry,Cuc ma 4,"11S globulin, glycinin, cupin, partial from P13744.1",,
Cucurbita maxima,cherry,Cuc ma 4,"11S globulin, glycinin, cupin, partial from P13744.1",,
Cucurbita maxima,cherry,Cuc ma 4,"11S globulin, glycinin, cupin, partial from P13744.1",,
Cucurbita maxima,cherry,Cuc ma 5,"2S albumin, conglutin, partial from Q39649.1",,
Cyprinus carpio,chicken,Cyp c 1,"calcium-binding protein, parvalbumin",,
Cyprinus carpio,chicken,Cyp c 1,"calcium-binding protein, parvalbumin",,
Cyprinus carpio,chicken,Cyp c 2,beta-enolase,,
Daucus carota,chicken,Dau c 1,"pathogenesis related protein, PR-10, Bet v 1-like",,
Daucus carota,chicken,Dau c 1,"pathogenesis related protein, PR-10, Bet v 1-like",,
Daucus carota,chicken,Dau c 1,"pathogenesis related protein, PR-10, Bet v 1-like",,
Daucus carota,chicken,Dau c 1,"pathogenesis related protein, PR-10, Bet v 1-like",,
Daucus carota,chicken,Dau c 1,"pathogenesis related protein, PR-10, Bet v 1-like",,
Daucus carota,chicken,Dau c 1,"pathogenesis related protein, PR-10, Bet v 1-like",,
Daucus carota,chicken,Dau c 1,"pathogenesis related protein, PR-10, Bet v 1-like",,
Daucus carota,chicken,Dau c 1,"pathogenesis related protein, PR-10, Bet v 1-like",,
Daucus carota,chicken,Dau c 1,"pathogenesis related protein, PR-10, Bet v 1-like",,
Daucus carota,chicken,Dau c 1,"pathogenesis related protein, PR-10, Bet v 1-like",,
Daucus carota,chicken,Dau c 1,"pathogenesis related protein, PR-10, Bet v 1-like",,
Daucus carota,chicken,Dau c 1,"pathogenesis related protein, PR-10, Bet v 1-like",,
Daucus carota,chicken,Dau c 1,"pathogenesis related protein, PR-10, Bet v 1-like",,
Daucus carota,chicken,Dau c 1,"pathogenesis related protein, PR-10, Bet v 1-like",,
Daucus carota,chicken,Dau c 1,"pathogenesis related protein, PR-10, Bet v 1-like",,
Daucus carota,chicken,Dau c 4,profilin,,
Daucus carota,chicken,Dau c 5,"isoflavon reductase-like protein, phenylcoumaran benzylic ether reductase",,
Daucus carota,chicken,Dau c 5,"isoflavon reductase-like protein, phenylcoumaran benzylic ether reductase",,
Dolichovespula arenaria,chicken,Dol a 5,"unknown function, antigen 5",,
Dolichovespula maculata,chicken,Dol m 1,phospholipase A1,,
Dolichovespula maculata,chicken,Dol m 1,phospholipase A1,,
Dolichovespula maculata,chicken,Dol m 2,hyaluronidase,,
Dolichovespula maculata,chicken,Dol m 5,"unknown function, antigen 5",,
Dolichovespula maculata,chicken,Dol m 5,"unknown function, antigen 5",,
Eriocheir sinensis,chicken,Eri s 2,ovary development-related protein,,
Exopalaemon modestus,chicken,Exo m 1,tropomyosin,,
Fagopyrum esculentum,chicken,Fag e 2,"2S albumin, conglutin",,
Fagopyrum esculentum,chicken,Fag e 2,"2S albumin, conglutin",,
Fagopyrum esculentum,"chickling vetch, white pea",Fag e 3,"7S globulin, vicilin-like, partial",,
Fagopyrum esculentum,chickpea,Fag e 4,"antimicrobial peptide, partial from P0DKH7.1",,
Fagopyrum esculentum,Chinese mitten crab,Fag e 5,"8S globulin, vicilin",,
Fagopyrum tataricum,Chinese mitten crab,Fag t 2,"2S albumin, conglutin",,
Fagopyrum tataricum,Chinese razor clam,Fag t 6,"oleosin, partial from QZM06934.1",,
Fagopyrum tataricum,Chinese white shrimp,Fag t 6,"oleosin, partial from QZM06934.1",,
Fragaria x ananassa,Chinese white shrimp,Fra a 1,"pathogenesis related protein, PR-10, Bet v 1-like",,
Fragaria x ananassa,Chinese-date,Fra a 1,"pathogenesis related protein, PR-10, Bet v 1-like",,
Fragaria x ananassa,chironji,Fra a 1,"pathogenesis related protein, PR-10, Bet v 1-like",,
Fragaria x ananassa,chironji,Fra a 1,"pathogenesis related protein, PR-10, Bet v 1-like",,
Fragaria x ananassa,chironji,Fra a 1,"pathogenesis related protein, PR-10, Bet v 1-like",,
Fragaria x ananassa,chub mackerel,Fra a 1,"pathogenesis related protein, PR-10, Bet v 1-like",,
Fragaria x ananassa,chum salmon,Fra a 1,"pathogenesis related protein, PR-10, Bet v 1-like",,
Fragaria x ananassa,clam,Fra a 1,"pathogenesis related protein, PR-10, Bet v 1-like, partial",,
Fragaria x ananassa,clam,Fra a 3,lipid transfer protein,,
Fragaria x ananassa,clam,Fra a 3,lipid transfer protein,,
Fragaria x ananassa,coffee,Fra a 3,lipid transfer protein,,
Fragaria x ananassa,coffee,Fra a 3,lipid transfer protein,,
Gadus morhua,corn,Gad m 1,"calcium-binding protein, parvalbumin",,
Gadus morhua,corn,Gad m 1,"calcium-binding protein, parvalbumin",,
Gadus morhua,corn,Gad m 1,"calcium-binding protein, parvalbumin",,
Gadus morhua,corn,Gad m 1,"calcium-binding protein, parvalbumin",,
Gadus morhua,corn,Gad m 2,enolase,,
Gadus morhua,corn,Gad m 3,aldolase,,
Gallus gallus,corn,Gal d 1,ovomucoid,,
Gallus gallus,corn,Gal d 1,ovomucoid,,
Gallus gallus,corn,Gal d 10,"aldolase, partial",,
Gallus gallus,corn,Gal d 10,"aldolase, partial",,
Gallus gallus,corn,Gal d 10,"aldolase, partial",,
Gallus gallus,corn,Gal d 10,"aldolase, partial",,
Gallus gallus,corn,Gal d 10,"aldolase, partial",,
Gallus gallus,corn,Gal d 10,"aldolase, partial",,
Gallus gallus,corn,Gal d 10,"aldolase, partial",,
Gallus gallus,corn,Gal d 2,ovalbumin,,
Gallus gallus,corn,Gal d 2,ovalbumin,,
Gallus gallus,corn,Gal d 2,ovalbumin,,
Gallus gallus,corn,Gal d 2,ovalbumin,,
Gallus gallus,corn,Gal d 3,ovotransferrin,,
Gallus gallus,corn,Gal d 3,ovotransferrin,,
Gallus gallus,corn,Gal d 4,lysozyme,,
Gallus gallus,corn,Gal d 4,lysozyme,,
Gallus gallus,corn,Gal d 4,lysozyme,,
Gallus gallus,corn,Gal d 5,serum albumin,,
Gallus gallus,corn,Gal d 6,"vitellogenin, partial",,
Gallus gallus,corn,Gal d 7,myosin light chain,,
Gallus gallus,corn,Gal d 8,"calcium-binding protein, parvalbumin",,
Gallus gallus,corn,Gal d 9,"beta-enolase, partial from P07322.3",,
Gallus gallus,corn,Gal d 9,"beta-enolase, partial",,
Gallus gallus,corn,Gal d 9,"beta-enolase, partial from P07322.3",,
Gallus gallus,crab,Gal d 9,"beta-enolase, partial from P07322.3",,
Gallus gallus,crab,Gal d 9,"beta-enolase, partial",,
Gallus gallus,crab,Gal d 9,"beta-enolase, partial",,
Gallus gallus,crayfish,Gal d 9,"beta-enolase, partial from P07322.3",,
Gallus gallus,crayfish,Gal d 9,"beta-enolase, partial from P07322.3",,
Glycine max,crayfish,Gly m 1,lipid transfer protein,,
Glycine max,crayfish,Gly m 3,profilin,,
Glycine max,crimson seabream,Gly m 3,profilin,,
Glycine max,crimson seabream,Gly m 3,profilin,,
Glycine max,crustacean,Gly m 4,"pathogenesis related protein, PR-10, Bet v 1-like",,
Glycine max,cuttlefish,Gly m 5,"7S globulin, vicilin, beta-conglycinin",,
Glycine max,Danube crayfish,Gly m 5,"7S globulin, vicilin, beta-conglycinin",,
Glycine max,deep-water cape hake,Gly m 5,"7S globulin, vicilin, beta-conglycinin",,
Glycine max,deep-water cape hake,Gly m 5,"7S globulin, vicilin, beta-conglycinin, partial",,
Glycine max,deep-water cape hake,Gly m 5,"7S globulin, vicilin, beta-conglycinin, partial",,
Glycine max,disk abalone,Gly m 5,"7S globulin, vicilin, beta-conglycinin",,
Glycine max,disk abalone,Gly m 5,"7S globulin, vicilin, beta-conglycinin",,
Glycine max,Eastern oyster,Gly m 5,"7S globulin, vicilin, beta-conglycinin",,
Glycine max,eggplant,Gly m 6,"11S globulin, glycinin, cupin",,
Glycine max,English walnut,Gly m 6,"11S globulin, glycinin, cupin",,
Glycine max,English walnut,Gly m 6,"11S globulin, glycinin, cupin",,
Glycine max,English walnut,Gly m 6,"11S globulin, glycinin, cupin",,
Glycine max,English walnut,Gly m 6,"11S globulin, glycinin, cupin",,
Glycine max,English walnut,Gly m 6,"11S globulin, glycinin, cupin",,
Glycine max,English walnut,Gly m 6,"11S globulin, glycinin, cupin",,
Glycine max,European chestnut,Gly m 6,"11S globulin, glycinin, cupin",,
Glycine max,European chestnut,Gly m 6,"11S globulin, glycinin, cupin",,
Glycine max,European chestnut,Gly m 6,"11S globulin, glycinin, cupin",,
Glycine max,European chestnut,Gly m 6,"11S globulin, glycinin, cupin",,
Glycine max,European chestnut,Gly m 7,seed biotinylated protein ,,
Glycine max,European chestnut,Gly m 8,"2S albumin, conglutin",,
Glycine max,European hake,Gly m 8,"2S albumin, conglutin",,
Helianthus annuus,European hake,Hel a 2,profilin,,
Helianthus annuus,European hazelnut,Hel a 3,lipid transfer protein,,
Homarus americanus,European hazelnut,Hom a 1,tropomyosin ,,
Homarus americanus,European hazelnut,Hom a 1,tropomyosin ,,
Hordeum vulgare,European hazelnut,Hor v 15,"alpha-amylase, partial",,
Hordeum vulgare,European hazelnut,Hor v 20,gamma-hordein-3,,
Hordeum vulgare,European hazelnut,Hor v 20,"gamma-hordein-3, partial",,
Juglans nigra,European hazelnut,Jug n 1,"2S albumin, conglutin",,
Juglans nigra,European hazelnut,Jug n 2,"7S globulin, vicilin-like",,
Juglans nigra,European hazelnut,Jug n 4,"11S globulin, cupin",,
Juglans regia,European hazelnut,Jug r 1,"2S albumin, conglutin",,
Juglans regia,European hazelnut,Jug r 2,"7S globulin, vicilin-like",,
Juglans regia,European hazelnut,Jug r 3,lipid transfer protein,,
Juglans regia,European hazelnut,Jug r 4,"11S globulin, cupin",,
Juglans regia,European hazelnut,Jug r 5,"pathogenesis related protein, PR-10, Bet v 1-like",,
Juglans regia,European hazelnut,Jug r 6,"7S globulin, vicilin",,
Juniperus oxycedrus,European hazelnut,Jun o 1,pectate lyase,,
Juniperus oxycedrus,European hazelnut,Jun o 4,"calcium-binding protein, polcalcin",,
Lactuca sativa,European hazelnut,Lac s 1,"lipid transfer protein, partial from XP_023731522.1",,
Lates calcarifer,European hazelnut,Lat c 1,"calcium-binding protein, parvalbumin",,
Lates calcarifer,European hazelnut,Lat c 1,"calcium-binding protein, parvalbumin",,
Lens culinaris,European hazelnut,Len c 1,"7S globulin, vicilin ",,
Lens culinaris,European hazelnut,Len c 1,"7S globulin, vicilin ",,
Lens culinaris,European hazelnut,Len c 3,lipid transfer protein,,
Lepisma saccharina,European hazelnut,Lep s 1,tropomyosin,,
Lepidorhombus whiffiagonis,European hazelnut,Lep w 1,"calcium-binding protein, parvalbumin",,
Litchi chinensis,European hazelnut,Lit c 1,profilin,,
Litchi chinensis,flat fish,Lit c 1,profilin,,
Litopenaeus vannamei (Penaeus vannamei),fleshy prawn,Lit v 1,tropomyosin,,
Litopanaeus vannamei (Penaeus vannamei),giant mud crab,Lit v 13,fatty acid-binding protein,,
Litopenaeus vannamei (Penaeus vannamei),giant mud crab,Lit v 2,arginine kinase,,
Litopenaeus vannamei (Penaeus vannamei),giant river prawn,Lit v 3,myosin light chain,,
Litopenaeus vannamei (Penaeus vannamei),giant river prawn,Lit v 4,"calcium-binding protein, sarcoplasmic calcium-binding protein",,
Lupinus albus,gold kiwifruit,Lup a 5,profilin,,
Lupinus angustifolius,gold kiwifruit,Lup an 1,"7S globulin, vicilin, beta-conglutin",,
Lupinus angustifolius,gold kiwifruit,Lup an 1,"7S globulin, vicilin, beta-conglutin",,
Lupinus angustifolius,gold kiwifruit,Lup an 1,"7S globulin, vicilin, beta-conglutin",,
Lupinus angustifolius,gold kiwifruit,Lup an 1,"7S globulin, vicilin, beta-conglutin",,
Lupinus angustifolius,gold kiwifruit,Lup an 1,"7S globulin, vicilin, beta-conglutin",,
Lupinus angustifolius,gold kiwifruit,Lup an 1,"7S globulin, vicilin, beta-conglutin",,
Lupinus angustifolius,Gould's razor shell,Lup an 1,"7S globulin, vicilin, beta-conglutin",,
Lupinus angustifolius,grape,Lup an 1,"7S globulin, vicilin, beta-conglutin",,
Lupinus angustifolius,grape,Lup an 1,"7S globulin, vicilin, beta-conglutin",,
Lupinus angustifolius,grape,Lup an 3,lipid transfer protein,,
Macadamia integrifolia,grass carp,Mac i 1,"7S globulin, vicilin-like, partial from Q9SPL3.1, Q9SPL4.1",,
Macadamia integrifolia,greasyback shrimp,Mac i 1,"7S globulin, vicilin-like, partial from Q9SPL4.1",,
Macadamia integrifolia,green kiwifruit,Mac i 1,"7S globulin, vicilin-like, partial from Q9SPL4.1",,
Macadamia integrifolia,green kiwifruit,Mac i 1,"7S globulin, vicilin-like, partial from Q9SPL3.1, Q9SPL4.1",,
Macadamia integrifolia,green kiwifruit,Mac i 1,"7S globulin, vicilin-like, partial from Q9SPL4.1",,
Macadamia integrifolia,green kiwifruit,Mac i 1,"7S globulin, vicilin-like, partial from Q9SPL3.1, Q9SPL4.1",,
Macadamia integrifolia,green kiwifruit,Mac i 1,"7S globulin, vicilin-like, partial from Q9SPL3.1, Q9SPL4.1",,
Macadamia integrifolia,green kiwifruit,Mac i 1,"7S globulin, vicilin-like, partial from Q9SPL3.1, Q9SPL4.1",,
Macadamia integrifolia,green kiwifruit,Mac i 1,"7S globulin, vicilin-like, partial from Q9SPL3.1, Q9SPL4.1",,
Macadamia integrifolia,green kiwifruit,Mac i 1,"7S globulin, vicilin-like, partial from Q9SPL3.1, Q9SPL4.1",,
Macadamia integrifolia,green kiwifruit,Mac i 1,"7S globulin, vicilin-like, partial from Q9SPL3.1, Q9SPL4.1",,
Macadamia integrifolia,green kiwifruit,Mac i 1,"7S globulin, vicilin-like, partial from Q9SPL3.1, Q9SPL4.1",,
Macadamia integrifolia,green kiwifruit,Mac i 1,"7S globulin, vicilin-like, partial from Q9SPL4.1",,
Macadamia integrifolia,green kiwifruit,Mac i 1,"7S globulin, vicilin-like, partial from Q9SPL4.1",,
Macadamia integrifolia,green kiwifruit,Mac i 1,"7S globulin, vicilin-like, partial from Q9SPL4.1",,
Macadamia integrifolia,green kiwifruit,Mac i 1,"7S globulin, vicilin-like, partial from Q9SPL3.1, Q9SPL4.1",,
Macadamia integrifolia,green kiwifruit,Mac i 1,"7S globulin, vicilin-like, partial from Q9SPL4.1",,
Macadamia integrifolia,green kiwifruit,Mac i 1,"7S globulin, vicilin-like, partial from Q9SPL3.1, Q9SPL4.1",,
Macadamia integrifolia,green kiwifruit,Mac i 1,"7S globulin, vicilin-like, partial from Q9SPL3.1, Q9SPL4.1",,
Macadamia integrifolia,green kiwifruit,Mac i 1,"7S globulin, vicilin-like, partial from Q9SPL3.1, Q9SPL4.1",,
Macadamia integrifolia,green kiwifruit,Mac i 1,"7S globulin, vicilin-like, partial from Q9SPL3.1, Q9SPL4.1",,
Macadamia integrifolia,green kiwifruit,Mac i 1,"7S globulin, vicilin-like, partial from Q9SPL3.1",,
Macadamia integrifolia,green kiwifruit,Mac i 2,"11s globulin, cupin, partial",,
Macadamia integrifolia,green kiwifruit,Mac i 2,"11s globulin, cupin, partial from XP_042518524.1",,
Macadamia integrifolia,green mud crab,Mac i 2,"11s globulin, cupin, partial",,
Macadamia integrifolia,green mud crab,Mac i 2,"11s globulin, cupin, partial from XP_042518524.1",,
Macadamia integrifolia,green mud crab,Mac i 2,"11s globulin, cupin, partial",,
Macadamia integrifolia,green mud crab,Mac i 2,"11s globulin, cupin, partial",,
Macadamia integrifolia,green mud crab,Mac i 2,"11s globulin, cupin, partial from XP_042518524.1",,
Macadamia integrifolia,hardy kiwi,Mac i 2,"11s globulin, cupin, partial",,
Macadamia integrifolia,hardy kiwi,Mac i 2,"11s globulin, cupin, partial",,
Macadamia integrifolia,hardy kiwi,Mac i 2,"11s globulin, cupin, partial",,
Macadamia integrifolia,hemp,Mac i 2,"11s globulin, cupin, partial",,
Macrobrachium rosenbergii,hemp,Mac r 1,tropomyosin,,
Malus domestica,hemp,Mal d 1,"pathogenesis related protein, PR-10, Bet v 1-like",,
Malus domestica,horsehair crab,Mal d 1,"pathogenesis related protein, PR-10, Bet v 1-like",,
Malus domestica,horsehair crab,Mal d 1,"pathogenesis related protein, PR-10, Bet v 1-like",,
Malus domestica,Indian date,Mal d 1,"pathogenesis related protein, PR-10, Bet v 1-like",,
Malus domestica,Indian date,Mal d 1,"pathogenesis related protein, PR-10, Bet v 1-like",,
Malus domestica,Indian date,Mal d 1,"pathogenesis related protein, PR-10, Bet v 1-like",,
Malus domestica,Indian date,Mal d 1,"pathogenesis related protein, PR-10, Bet v 1-like",,
Malus domestica,Indian date,Mal d 1,"pathogenesis related protein, PR-10, Bet v 1-like",,
Malus domestica,Indian date,Mal d 1,"pathogenesis related protein, PR-10, Bet v 1-like",,
Malus domestica,Indian date,Mal d 1,"pathogenesis related protein, PR-10, Bet v 1-like",,
Malus domestica,Indian date,Mal d 1,"pathogenesis related protein, PR-10, Bet v 1-like",,
Malus domestica,Indian date,Mal d 1,"pathogenesis related protein, PR-10, Bet v 1-like",,
Malus domestica,Indian date,Mal d 1,"pathogenesis related protein, PR-10, Bet v 1-like",,
Malus domestica,Indian date,Mal d 1,"pathogenesis related protein, PR-10, Bet v 1-like",,
Malus domestica,Indian date,Mal d 1,"pathogenesis related protein, PR-10, Bet v 1-like",,
Malus domestica,Indian date,Mal d 1,"pathogenesis related protein, PR-10, Bet v 1-like",,
Malus domestica,Indian date,Mal d 1,"pathogenesis related protein, PR-10, Bet v 1-like",,
Malus domestica,Indian date,Mal d 1,"pathogenesis related protein, PR-10, Bet v 1-like",,
Malus domestica,Indian date,Mal d 1,"pathogenesis related protein, PR-10, Bet v 1-like",,
Malus domestica,Indian date,Mal d 1,"pathogenesis related protein, PR-10, Bet v 1-like",,
Malus domestica,Indian date,Mal d 1,"pathogenesis related protein, PR-10, Bet v 1-like",,
Malus domestica,Indian date,Mal d 1,"pathogenesis related protein, PR-10, Bet v 1-like",,
Malus domestica,Indian mackerel,Mal d 1,"pathogenesis related protein, PR-10, Bet v 1-like",,
Malus domestica,Italian hazelnut,Mal d 1,"pathogenesis related protein, PR-10, Bet v 1-like",,
Malus domestica,Japanese apricot,Mal d 1,"pathogenesis related protein, PR-10, Bet v 1-like",,
Malus domestica,Japanese flying squid,Mal d 1,"pathogenesis related protein, PR-10, Bet v 1-like",,
Malus domestica,Japanese horse mackerel,Mal d 1,"pathogenesis related protein, PR-10, Bet v 1-like",,
Malus domestica,Japanese turban shell,Mal d 1,"pathogenesis related protein, PR-10, Bet v 1-like",,
Malus domestica,Kamchatka crab,Mal d 2,thaumatin-like,,
Malus domestica,Kamchatka crab,Mal d 2,thaumatin-like,,
Malus domestica,kidney bean,Mal d 2,thaumatin-like,,
Malus domestica,kidney bean,Mal d 2,thaumatin-like,,
Malus domestica,krill,Mal d 2,thaumatin-like,,
Malus domestica,kuruma shrimp,Mal d 2,thaumatin-like,,
Malus domestica,lemon,Mal d 3,lipid transfer protein,,
Malus domestica,lentil,Mal d 3,lipid transfer protein,,
Malus domestica,lentil,Mal d 3,lipid transfer protein,,
Malus domestica,lentil,Mal d 3,lipid transfer protein,,
Malus domestica,lettuce,Mal d 3,lipid transfer protein,,
Malus domestica,lobster,Mal d 3,lipid transfer protein,,
Malus domestica,longtail tuna,Mal d 3,lipid transfer protein,,
Malus domestica,longtail tuna,Mal d 4,profilin,,
Malus domestica,longtail tuna,Mal d 4,profilin,,
Malus domestica,longtail tuna,Mal d 4,profilin,,
Malus domestica,longtail tuna,Mal d 4,profilin,,
Malus domestica,longtail tuna,Mal d 4,profilin,,
Malus domestica,longtail tuna,Mal d 4,profilin,,
Malus domestica,longtail tuna,Mal d 4,profilin,,
Malus domestica,longtail tuna,Mal d 4,profilin,,
Malus domestica,longtail tuna,Mal d 4,profilin,,
Malus domestica,longtail tuna,Mal d 4,profilin,,
Malus domestica,longtail tuna,Mal d 4,profilin,,
Malus domestica,lychee nut,Mal d 4,profilin,,
Malus domestica,lychee nut,Mal d 4,profilin,,
Malus domestica,macadamia nut,Mal d 4,profilin,,
Malus domestica,macadamia nut,Mal d 4,profilin,,
Malus domestica,macadamia nut,Mal d 4,profilin,,
Malus domestica,macadamia nut,Mal d 4,profilin,,
Malassezia furfur,macadamia nut,Mala f 2,peroxisomal protein,,
Malassezia furfur,macadamia nut,Mala f 3,peroxisomal protein,,
Malassezia furfur,macadamia nut,Mala f 4,mitochondrial malate dehydrogenase,,
Malassezia sympodialis,macadamia nut,Mala s 1,unknown function,,
Malassezia sympodialis,macadamia nut,Mala s 10,heat shock protein 70,,
Malassezia sympodialis,macadamia nut,Mala s 10,heat shock protein 70,,
Malassezia sympodialis,macadamia nut,Mala s 11,superoxide dismutase,,
Malassezia sympodialis,macadamia nut,Mala s 11,superoxide dismutase,,
Malassezia sympodialis,macadamia nut,Mala s 12,glucose-methanol-choline oxidoreductase,,
Malassezia sympodialis,macadamia nut,Mala s 13,thioredoxin,,
Malassezia sympodialis,macadamia nut,Mala s 5,unknown function,,
Malassezia sympodialis,macadamia nut,Mala s 5,unknown function,,
Malassezia sympodialis,macadamia nut,Mala s 6,cyclophilin,,
Malassezia sympodialis,macadamia nut,Mala s 7,unknown function,,
Malassezia sympodialis,macadamia nut,Mala s 8,unknown function,,
Malassezia sympodialis,macadamia nut,Mala s 9,unknown function,,
Malassezia sympodialis,macadamia nut,Mala s 9,unknown function,,
Manihot esculenta,macadamia nut,Man e 5,"glutamic acid rich protein, Hev b 5-like",,
Manihot esculenta,macadamia nut,Man e 5,"glutamic acid rich protein, Hev b 5-like",,
Penaeus latisulcatus,macadamia nut,Mel l 1,tropomyosin,,
Metapenaeus ensis,macadamia nut,Met e 1,tropomyosin,,
Morus nigra,macadamia nut,Mor n 3,lipid transfer protein,,
Musa acuminata,macadamia nut,Mus a 1,profilin,,
Musa acuminata,macadamia nut,Mus a 2,chitinase,,
Musa acuminata,macadamia nut,Mus a 4,thaumatin-like,,
Musa acuminata,macadamia nut,Mus a 5,"beta-1,3-glucanase",,
Musa acuminata,macadamia nut,Mus a 5,"beta-1,3-glucanase",,
Musa acuminata,macadamia nut,Mus a 5,"beta-1,3-glucanase",,
Mus musculus,mouse,Mus m 1,"lipocalin, urinary globulin",,
Oncorhynchus keta,macadamia nut,Onc k 5,"vitellogenin, partial",,
Oncorhynchus mykiss,macadamia nut,Onc m 1,"calcium-binding protein, parvalbumin",,
Oncorhynchus mykiss,mango,Onc m 1,"calcium-binding protein, parvalbumin",,
Oreochromis mossambicus,mango,Ore m 4,tropomyosin,,
Pandalus borealis (Pandalus eous),mango,Pan b 1,tropomyosin,,
Pandalus borealis (Pandalus eous),mango,Pan b 1,tropomyosin,,
Panulirus stimpsoni,mango,Pan s 1,tropomyosin,,
Parthenium hysterophorus,feverfew,Par h 1,defensin,,
Penaeus monodon,mango,Pen m 1,tropomyosin,,
Penaeus monodon,mango,Pen m 2,arginine kinase,,
Penaeus monodon,mantis shrimp,Pen m 2,arginine kinase,,
Penaeus monodon,mollusc,Pen m 3,myosin light chain,,
Penaeus monodon,mollusc,Pen m 4,"calcium-binding protein, sarcoplasmic calcium-binding protein",,
Penaeus monodon,Mozambique tilapia,Pen m 4,"calcium-binding protein, sarcoplasmic calcium-binding protein",,
Persea americana,mulberry,Pers a 1,chitinase,,
Phaseolus vulgaris,mulberry,Pha v 3,lipid transfer protein,,
Phaseolus vulgaris,mung bean,Pha v 3,lipid transfer protein,,
Phoenix dactylifera,mung bean,Pho d 2,profilin,,
Pinus pinea,mung bean,Pin p 1,"2S albumin, conglutin",,
Pisum sativum,mung bean,Pis s 1,"7S globulin, vicilin-like",,
Pisum sativum,mung bean,Pis s 1,"7S globulin, vicilin-like",,
Pisum sativum,mushroom,Pis s 2,"11S globulin, cupin",,
Pisum sativum,muskmelon,Pis s 3,lipid transfer protein ,,
Pistacia vera,muskmelon,Pis v 1,"2S albumin, conglutin",,
Pistacia vera,muskmelon,Pis v 2,"11S globulin, cupin",,
Pistacia vera,muskmelon,Pis v 2,"11S globulin, cupin",,
Pistacia vera,muskmelon,Pis v 2,"11S globulin, cupin",,
Pistacia vera,muskmelon,Pis v 3,"7S globulin, vicilin-like",,
Pistacia vera,mustard,Pis v 4,superoxide dismutase,,
Prunus avium,North Pacific hake,Pru av 1,"pathogenesis related protein, PR-10, Bet v 1-like",,
Prunus avium,North Pacific hake,Pru av 1,"pathogenesis related protein, PR-10, Bet v 1-like",,
Prunus avium,North Pacific krill,Pru av 1,"pathogenesis related protein, PR-10, Bet v 1-like",,
Prunus avium,northern pink shrimp,Pru av 1,"pathogenesis related protein, PR-10, Bet v 1-like",,
Prunus avium,northern pink shrimp,Pru av 2,thaumatin-like,,
Prunus avium,ocean perch (red fish),Pru av 3,lipid transfer protein,,
Prunus avium,ocean perch (red fish),Pru av 3,lipid transfer protein,,
Prunus avium,octopus,Pru av 3,lipid transfer protein,,
Prunus avium,octopus,Pru av 4,profilin,,
Prunus domestica,octopus,Pru d 3,lipid transfer protein,,
Prunus dulcis,orange,Pru du 10,"mandelonitrile lyase 2, partial from Q945K2.1",,
Prunus dulcis,orange,Pru du 10,"mandelonitrile lyase 2, partial from Q945K2.1",,
Prunus dulcis,orange,Pru du 10,"mandelonitrile lyase 2, partial",,
Prunus dulcis,orange,Pru du 4,profilin,,
Prunus dulcis,orange,Pru du 6,"11S globulin, cupin",,
Prunus dulcis,papaya,Pru du 6,"11S globulin, cupin",,
Prunus dulcis,papaya,Pru du 6,"11S globulin, cupin, partial",,
Prunus dulcis,pea,Pru du 6,"11S globulin, cupin",,
Prunus dulcis,pea,Pru du 8,cysteine-rich anti-microbial protein,,
Prunus dulcis,pea,Pru du 8,"cysteine-rich anti-microbial protein, partial from A0A314YX39",,
Prunus dulcis,pea,Pru du 8,"cysteine-rich anti-microbial protein, partial from A0A314YX39",,
Prunus dulcis,pea,Pru du 8,"cysteine-rich anti-microbial protein, partial from A0A314YX39",,
Prunus dulcis,peach,Pru du 8,"cysteine-rich anti-microbial protein, partial from A0A314YX39",,
Prunus mume,peach,Pru m 7,gibberellin-regulated protein,,
Prunus persica,peach,Pru p 1,"pathogenesis related protein, PR-10, Bet v 1-like",,
Prunus persica,peach,Pru p 1,"pathogenesis related protein, PR-10, Bet v 1-like",,
Prunus persica,peach,Pru p 1,"pathogenesis related protein, PR-10, Bet v 1-like",,
Prunus persica,peach,Pru p 2,thaumatin-like,,
Prunus persica,peach,Pru p 2,thaumatin-like,,
Prunus persica,peach,Pru p 2,thaumatin-like,,
Prunus persica,peach,Pru p 3,lipid transfer protein,,
Prunus persica,peach,Pru p 4,profilin,,
Prunus persica,peach,Pru p 4,profilin,,
Prunus persica,peach,Pru p 7,gibberellin-regulated protein,,
Prunus persica,peach,Pru p 9,"pathogenesis related protein, PR-1, partial from XP_007199020.1",,
Prunus persica,peach,Pru p 9,"pathogenesis related protein, PR-1, partial from XP_007199020.1",,
Prunus persica,peach,Pru p 9,"pathogenesis related protein, PR-1, partial from XP_007199020.1",,
Punica granatum,peach,Pun g 1,lipid transfer protein,,
Punica granatum,peanut,Pun g 1,lipid transfer protein,,
Punica granatum,peanut,Pun g 1,lipid transfer protein,,
Punica granatum,peanut,Pun g 14,"chitinase, partial from G1uh28.1",,
Punica granatum,peanut,Pun g 7,gibberellin-regulated protein,,
Pyrus communis,peanut,Pyr c 1,"pathogenesis related protein, PR-10, Bet v 1-like",,
Pyrus communis,peanut,Pyr c 3,lipid transfer protein,,
Pyrus communis,peanut,Pyr c 3,lipid transfer protein,,
Pyrus communis,peanut,Pyr c 3,lipid transfer protein,,
Pyrus communis,peanut,Pyr c 4,profilin,,
Pyrus communis,peanut,Pyr c 5,"isoflavon reductase-like protein, phenylcoumaran benzylic ether reductase",,
Quercus alba,peanut,Que a 1,"pathogenesis related protein, PR-10, Bet v 1-like",,
Quercus alba,peanut,Que a 1,"pathogenesis related protein, PR-10, Bet v 1-like, partial",,
Quercus alba,peanut,Que a 1,"pathogenesis related protein, PR-10, Bet v 1-like",,
Rapana venosa,veined rapa whelk,Rap v 2,"paramyosin, partial",,
Rapana venosa,veined rapa whelk,Rap v 2,"paramyosin, partial from QPB41107.1",,
Rapana venosa,veined rapa whelk,Rap v 2,"paramyosin, partial",,
Rapana venosa,veined rapa whelk,Rap v 2,"paramyosin, partial",,
Rapana venosa,veined rapa whelk,Rap v 2,"paramyosin, partial",,
Rapana venosa,veined rapa whelk,Rap v 2,"paramyosin, partial",,
Rapana venosa,veined rapa whelk,Rap v 2,"paramyosin, partial from QPB41107.1",,
Rapana venosa,veined rapa whelk,Rap v 2,"paramyosin, partial from QPB41107.1",,
Rastrelliger kanagurta,peanut,Ras k 1,"calcium-binding protein, parvalbumin",,
Ricinus communis,peanut,Ric c 1,"2S albumin, conglutin",,
Rubus idaeus,peanut,Rub i 1,"pathogenesis related protein, PR-10, Bet v 1-like",,
Rubus idaeus,peanut,Rub i 3,lipid transfer protein,,
Salmo salar,peanut,Sal s 1,"calcium-binding protein, parvalbumin",,
Salmo salar,peanut,Sal s 1,"calcium-binding protein, parvalbumin",,
Salmo salar,peanut,Sal s 1,"calcium-binding protein, parvalbumin",,
Salmo salar,peanut,Sal s 2,enolase,,
Salmo salar,peanut,Sal s 2,enolase,,
Salmo salar,peanut,Sal s 3,aldolase,,
Salmo salar,peanut,Sal s 3,aldolase,,
Schizophyllum commune,peanut,Sch c 1,glucoamylase,,
Scomber scombrus,peanut,Sco s 1,"calcium-binding protein, parvalbumin",,
Scylla serrata,peanut,Scy p 1,tropomyosin,,
Scylla paramamosain,peanut,Scy p 2,arginine kinase,,
Scylla paramamosain,peanut,Scy p 3,myosin light chain,,
Scylla paramamosain,peanut,Scy p 4,"calcium-binding protein, sarcoplasmic calcium-binding protein",,
Scylla paramamosain,peanut,Scy p 8,triosephosphate isomerase,,
Scylla paramamosain,peanut,Scy p 9,filamin C,,
Sebastes marinus,peanut,Seb m 1,"calcium-binding protein, parvalbumin",,
Sebastes marinus,peanut,Seb m 1,"calcium-binding protein, parvalbumin",,
Secale cereale,peanut,Sec c 20,"gamma secalin, partial",,
Secale cereale,peanut,Sec c 20,"gamma secalin, partial",,
Secale cereale,peanut,Sec c 5,"unknown function, partial",,
Secale cereale,peanut,Sec c 5,unknown function ,,
Sesamum indicum,peanut,Ses i 1,"2S albumin, conglutin",,
Sesamum indicum,peanut,Ses i 1,"2S albumin, conglutin",,
Sesamum indicum,peanut,Ses i 2,"2S albumin, conglutin",,
Sesamum indicum,peanut,Ses i 3,"7S globulin, vicilin-like",,
Sesamum indicum,peanut,Ses i 4,oleosin,,
Sesamum indicum,peanut,Ses i 5,oleosin,,
Sesamum indicum,peanut,Ses i 5,oleosin,,
Sesamum indicum,peanut,Ses i 6,"11S globulin, cupin",,
Sesamum indicum,peanut,Ses i 7,"11S globulin, cupin",,
Sinapis alba,peanut,Sin a 1,"2S albumin, conglutin",,
Sinapis alba,peanut,Sin a 1,"2S albumin, conglutin",,
Sinapis alba,peanut,Sin a 1,"2S albumin, conglutin",,
Sinapis alba,peanut,Sin a 1,"2S albumin, conglutin",,
Sinapis alba,pear,Sin a 1,"2S albumin, conglutin",,
Sinapis alba,pear,Sin a 1,"2S albumin, conglutin",,
Sinapis alba,pear,Sin a 2,"11S globulin, cupin",,
Sinapis alba,pear,Sin a 2,"11S globulin, cupin",,
Sinapis alba,pear,Sin a 3,lipid transfer protein,,
Sinapis alba,pear,Sin a 4,profilin,,
Solanum lycopersicum,pear,Sola l 1,profilin,,
Solanum lycopersicum,pecan,Sola l 2,beta-fructorfuranosidase,,
Solanum lycopersicum,pecan,Sola l 2,beta-fructorfuranosidase,,
Solanum lycopersicum,pecan,Sola l 3,lipid transfer protein,,
Solanum lycopersicum,pecan,Sola l 3,lipid transfer protein,,
Solanum lycopersicum,pine,Sola l 4,"pathogenesis related protein, PR-10, Bet v 1-like",,
Solanum lycopersicum,pine,Sola l 4,"pathogenesis related protein, PR-10, Bet v 1-like",,
Solanum lycopersicum,pineapple,Sola l 4,"pathogenesis related protein, PR-10, Bet v 1-like",,
Solanum lycopersicum,pineapple,Sola l 6,lipid transfer protein,,
Solanum lycopersicum,pistachio,Sola l 7,lipid transfer protein,,
Solanum melongena,pistachio,Sola m 1,profilin,,
Solanum tuberosum,pistachio,Sola t 1,patatin,,
Solanum tuberosum,pistachio,Sola t 1,patatin,,
Solanum tuberosum,pistachio,Sola t 1,patatin,,
Solanum tuberosum,pistachio,Sola t 1,patatin,,
Solanum tuberosum,plum,Sola t 1,patatin,,
Solanum tuberosum,pomegranate,Sola t 2,aspartic protease inhibitor,,
Solanum tuberosum,pomegranate,Sola t 3,cysteine protease inhibitor,,
Solanum tuberosum,pomegranate,Sola t 3,cysteine protease inhibitor,,
Solanum tuberosum,pomegranate,Sola t 4,serine protease inhibitor,,
Sus scrofa,pomegranate,Sus s 1,serum albumin,,
Thunnus albacares,Portuguese oyster,Thu a 2,enolase,,
Thunnus albacares,Portuguese oyster,Thu a 3,aldolase,,
Triticum aestivum,potato,Tri a 12,profilin,,
Triticum aestivum,potato,Tri a 12,profilin,,
Triticum aestivum,potato,Tri a 12,"profilin, partial",,
Triticum aestivum,potato,Tri a 12,"profilin, partial",,
Triticum aestivum,potato,Tri a 12,"profilin, partial",,
Triticum aestivum,potato,Tri a 14,lipid transfer protein,,
Triticum aestivum,potato,Tri a 15,alpha-amylase inhibitor,,
Triticum aestivum,potato,Tri a 17,beta-amylase,,
Triticum aestivum,potato,Tri a 19,omega-5 gliadin,,
Triticum aestivum,potato,Tri a 19,"omega-5 gliadin, partial from AAT01617.1",,
Triticum aestivum,potato,Tri a 19,"omega-5 gliadin, partial from AAT01617.1",,
Triticum aestivum,potato,Tri a 19,"omega-5 gliadin, partial from AAT01617.1",,
Triticum aestivum,rainbow trout,Tri a 19,"omega-5 gliadin, partial from AAT01617.1",,
Triticum aestivum,rainbow trout,Tri a 20,gamma-gliadin,,
Triticum aestivum,rainbow trout,Tri a 20,gamma-gliadin,,
Triticum aestivum,rainbow trout,Tri a 20,gamma-gliadin,,
Triticum aestivum,rainbow trout,Tri a 20,gamma-gliadin,,
Triticum aestivum,raspberry,Tri a 20,gamma-gliadin,,
Triticum aestivum,raspberry,Tri a 20,gamma-gliadin,,
Triticum aestivum,red claw crayfish,Tri a 21,gliadin,,
Triticum aestivum,red claw crayfish,Tri a 21,gliadin,,
Triticum aestivum,red claw crayfish,Tri a 21,gliadin,,
Triticum aestivum,red claw crayfish,Tri a 21,gliadin,,
Triticum aestivum,red claw crayfish,Tri a 21,gliadin,,
Triticum aestivum,red squid,Tri a 21,gliadin,,
Triticum aestivum,riceland prawn,Tri a 21,gliadin,,
Triticum aestivum,riceland prawn,Tri a 21,gliadin,,
Triticum aestivum,riceland prawn,Tri a 21,gliadin,,
Triticum aestivum,rye,Tri a 21,gliadin,,
Triticum aestivum,rye,Tri a 21,gliadin,,
Triticum aestivum,rye,Tri a 21,gliadin,,
Triticum aestivum,rye,Tri a 21,"gliadin, partial",,
Triticum aestivum,rye,Tri a 21,gliadin,,
Triticum aestivum,rye,Tri a 21,gliadin,,
Triticum aestivum,rye,Tri a 25,thioredoxin,,
Triticum aestivum,salmon,Tri a 26,HMW glutenin,,
Triticum aestivum,salmon,Tri a 26,HMW glutenin,,
Triticum aestivum,salmon,Tri a 26,HMW glutenin,,
Triticum aestivum,salmon,Tri a 26,"HMW glutenin, partial",,
Triticum aestivum,salmon,Tri a 26,HMW glutenin,,
Triticum aestivum,salmon,Tri a 26,HMW glutenin,,
Triticum aestivum,salmon,Tri a 26,HMW glutenin,,
Triticum aestivum,sapodilla plum,Tri a 26,"HMW glutenin, partial",,
Triticum aestivum,sapodilla plum,Tri a 26,HMW glutenin,,
Triticum aestivum,sesame,Tri a 26,HMW glutenin,,
Triticum aestivum,sesame,Tri a 26,HMW glutenin,,
Triticum aestivum,sesame,Tri a 27,thiol reductase,,
Triticum aestivum,sesame,Tri a 28,alpha-amylase inhibitor,,
Triticum aestivum,sesame,Tri a 28,"alpha-amylase inhibitor, partial",,
Triticum aestivum,sesame,Tri a 29,alpha-amylase inhibitor,,
Triticum aestivum,sesame,Tri a 29,alpha-amylase inhibitor,,
Triticum aestivum,sesame,Tri a 29,alpha-amylase inhibitor,,
Triticum aestivum,sesame,Tri a 30,alpha-amylase inhibitor,,
Triticum aestivum,sesame,Tri a 31,triosephosphate isomerase,,
Triticum aestivum,shallow-water cape hake,Tri a 32,peroxiredoxin,,
Triticum aestivum,shan yao,Tri a 32,peroxiredoxin,,
Triticum aestivum,sheep's briar,Tri a 33,serpin,,
Triticum aestivum,short-tailed mamushi,Tri a 33,serpin,,
Triticum aestivum,shrimp,Tri a 34,glyceraldehyde-3-phosphate-dehydrogenase,,
Triticum aestivum,shrimp,Tri a 35,dehydrin ,,
Triticum aestivum,shrimp,Tri a 36,LMW glutenin,,
Triticum aestivum,shrimp,Tri a 36,LMW glutenin,,
Triticum aestivum,shrimp,Tri a 36,LMW glutenin,,
Triticum aestivum,shrimp,Tri a 36,LMW glutenin,,
Triticum aestivum,silver hake,Tri a 36,LMW glutenin,,
Triticum aestivum,silver hake,Tri a 36,LMW glutenin,,
Triticum aestivum,silver hake,Tri a 36,LMW glutenin,,
Triticum aestivum,silverfish,Tri a 36,LMW glutenin,,
Triticum aestivum,silverfish,Tri a 36,LMW glutenin,,
Triticum aestivum,snow crab,Tri a 36,LMW glutenin,,
Triticum aestivum,snow crab,Tri a 37,alpha-purothionin,,
Triticum aestivum,southern hake,Tri a 39,serine protease inhibitor,,
Triticum aestivum,southern hake,Tri a 39,serine protease inhibitor,,
Triticum aestivum,southern hake,Tri a 39,serine protease inhibitor,,
Triticum aestivum,Southern Pacific hake,Tri a 40,alpha-amylase inhibitor,,
Triticum aestivum,Southern Pacific hake,Tri a 40,alpha-amylase inhibitor,,
Triticum aestivum,soybean,Tri a 41,mitochondrial ubiquitin ligase activator of NFKB 1,,
Triticum aestivum,soybean,Tri a 42,unknown function,,
Triticum aestivum,soybean,Tri a 43,unknown function,,
Triticum aestivum,soybean,Tri a 44,lipid transfer protein,,
Triticum aestivum,soybean,Tri a 44,endosperm transfer cell specific PR60,,
Triticum aestivum,soybean,Tri a 45,elongation factor,,
Triticum turgidum,soybean,Tri tu 14,lipid transfer protein,,
Triatoma protracta,soybean,Tria p 1,procalin,,
Vigna radiata,soybean,Vig r 1,"pathogenesis related protein, PR-10, Bet v 1-like",,
Vigna radiata,soybean,Vig r 2,"8S globulin, vicilin",,
Vigna radiata,soybean,Vig r 2,"8S globulin, vicilin",,
Vigna radiata,soybean,Vig r 4,"2S albumin, conglutin",,
Vigna radiata,soybean,Vig r 6,"pathogenesis related protein, PR-10, Bet v 1-like",,
Xiphias gladius,soybean,Xip g 1,"calcium-binding protein, parvalbumin",,
Zea mays,soybean,Zea m 1,beta-expansin,,
Zea mays,soybean,Zea m 1,beta-expansin,,
Zea mays,soybean,Zea m 1,beta-expansin,,
Zea mays,soybean,Zea m 1,beta-expansin,,
Zea mays,soybean,Zea m 1,beta-expansin,,
Zea mays,soybean,Zea m 1,beta-expansin,,
Zea mays,soybean,Zea m 1,beta-expansin,,
Zea mays,soybean,Zea m 1,beta-expansin,,
Zea mays,soybean,Zea m 1,beta-expansin,,
Zea mays,soybean,Zea m 1,beta-expansin,,
Zea mays,soybean,Zea m 12,profilin,,
Zea mays,soybean,Zea m 12,profilin,,
Zea mays,soybean,Zea m 12,profilin,,
Zea mays,soybean,Zea m 12,profilin,,
Zea mays,soybean,Zea m 12,profilin,,
Zea mays,soybean,Zea m 12,profilin,,
Zea mays,soybean,Zea m 12,profilin,,
Zea mays,soybean,Zea m 12,profilin,,
Zea mays,soybean,Zea m 12,profilin,,
Zea mays,soybean,Zea m 12,profilin,,
Zea mays,soybean,Zea m 12,profilin,,
Zea mays,soybean,Zea m 12,profilin,,
Zea mays,soybean,Zea m 14,lipid transfer protein,,
Zea mays,soybean,Zea m 14,lipid transfer protein,,
Zea mays,soybean,Zea m 25,thioredoxin,,
Zea mays,soybean,Zea m 25,thioredoxin,,
Zea mays,soybean,Zea m 8,chitinase,,
Ziziphus mauritiana,soybean,Ziz m 1,chitinase,,
Cicer arietinum,soybean,,lectin,,
Fragaria x ananassa,soybean,,"pathogenesis related protein, PR-10, Bet v 1-like",,
Fragaria x ananassa,strawberry,,"pathogenesis related protein, PR-10, Bet v 1-like",,
Fragaria x ananassa,strawberry,,"pathogenesis related protein, PR-10, Bet v 1-like",,
Amphioctopus fangsiao,strawberry,,triosephosphate isomerase,,
Mangifera indica,strawberry,,chitinase ,,
Oryza sativa,rice,,"7S globulin, vicilin-like",,
Oryza sativa,rice,,alpha-amylase/trypsin inhibitor,,
Oryza sativa,rice,,alpha-amylase/trypsin inhibitor,,
Oryza sativa,rice,,cupincin,,
Gloydius brevicaudus,strawberry,,plasminogen activator,,
Oryza sativa,rice,,casein kinase,,
Glycine max,strawberry,,trypsin-inhibitor,,
Glycine max,strawberry,,trypsin-inhibitor,,
Hordeum vulgare,strawberry,,alpha-amylase inhibitor,,
Hordeum vulgare,strawberry,,alpha-amylase inhibitor,,
Hordeum vulgare,strawberry,,lipid transfer protein,,
Triticum turgidum,strawberry,,alpha-amlyase inhibitor,,
Triticum turgidum,strawberry,,alpha-amlyase inhibitor,,
Triticum turgidum,strawberry,,glutenin,,
Triticum turgidum,strawberry,,LMW glutenin,,
Helianthus annuus,strawberry,,"2S albumin, conglutin",,
Glycine max,strawberry,,thiol protease,,
Carica papaya,sunflower,,"cysteine protease, papain",,
Merluccius merluccius,sunflower,,"calcium-binding protein, parvalbumin",,
Bacillus licheniformis,bacteria,,alkaline serine protease,,
Triticum aestivum,sunflower,,thaumatin-like,,
Hordeum vulgare,swordfish,,lipid transfer protein,,
Triticum aestivum,Tataricum buckwheat,,gamma-gliadin,,
Triticum aestivum,Tataricum buckwheat,,gamma-gliadin,,
Triticum aestivum,Tataricum buckwheat,,gamma-gliadin,,
Triticum urartu,Tataricum buckwheat,,gliadin,,
Oryza sativa,rice,,unknown function,,
Oryza sativa,rice,,unknown function,,
Candida albicans,Tataricum buckwheat,,enolase,,
Arachis hypogaea,tobacco,,agglutinin ,,
Glycine max,tobacco,,trypsin-inhibitor,,
Glycine max,tomato,,trypsin-inhibitor,,
Glycine max,tomato,,trypsin-inhibitor,,
Triticum aestivum,tomato,,lipid transfer protein,,
Hordeum vulgare,tomato,,alpha-amylase inhibitor,,
Vitis sp.,tomato,,"lipid transfer protein, partial",,
Vitis sp.,tomato,,"lipid transfer protein, partial",,
Glycine max,tomato,,trypsin-inhibitor,,
Hordeum vulgare,tomato,,alpha-amylase/trypsin inhibitor,,
Glycine soja,tomato,,unknown function,,
Glycine max,tomato,,thiol protease,,
Hordeum vulgare,tomato,,alpha-amylase/trypsin inhibitor,,
Zea mays,turnip,,unknown function,,
Brassica napus,rape,,calcium-binding protein,,
Brassica napus,rape,,calcium-binding protein,,
Glycine max,turnip,,thiol protease,,
Hordeum vulgare,turnip,,alpha-amylase inhibitor,,
Crassostrea virginica,turnip,,tropomyosin,,
Triticum aestivum,turnip,,"unknown function, partial",,
Perna viridis,walleye pollock,,tropomyosin,,
Mimachlamys nobilis,walleye pollock,,tropomyosin,,
Theragra chalcogramma,watermelon,,"calcium-binding protein, parvalbumin",,
Solanum lycopersicum,Western king prawn,,profilin,,
Fagopyrum esculentum,wheat,,13S globulin ,,
Fagopyrum esculentum,wheat,,13S globulin ,,
Bos taurus,wheat,,lactotransferrin,,
Cucumis melo,wheat,,profilin,,
Humulus scandens,Japanese hop,,profilin,,
Humulus scandens,Japanese hop,,profilin,,
Penaus chinensis (Fenneropenaeus chinensis),wheat,,"arginine kinase, partial ",,
Penaus chinensis (Fenneropenaeus chinensis),wheat,,"arginine kinase, partial ",,
Morus bombycis,wheat,,"pathogenesis related protein, PR-10, Bet v 1-like",,
Morus bombycis,wheat,,"pathogenesis related protein, PR-10, Bet v 1-like",,
Prunus persica,wheat,,lipid transfer protein,,
Secale cereale,wheat,,berberine bridge enzyme,,
Secale cereale,wheat,,berberine bridge enzyme,,
Nicotiana tabacum,wheat,,villin,,
Nicotiana tabacum,wheat,,villin,,
Triticum aestivum,wheat,,gamma-gliadin,,
Triticum aestivum,wheat,,serine carboxypeptidase,,
Triticum aestivum,wheat,,unknown function,,
Actinidia chinensis,wheat,,"thaumatin-like, partial ",,
Penaeus aztecus,wheat,,tropomyosin,,
Prunus dulcis,wheat,,"2S albumin, conglutin, partial",,
Lupinus albus,wheat,,"7S globulin, vicilin, beta-conglutin",,
Solanum tuberosum,wheat,,profilin-like,,
Trachurus japonicus,wheat,,"calcium-binding protein, parvalbumin",,
Solanum tuberosum,wheat,,profilin,,
Sepia esculenta,wheat,,tropomyosin,,
Sepioteuthis lessoniana,wheat,,tropomyosin,,
Todarodes pacificus,wheat,,tropomyosin,,
Ommastrephes bartramii,wheat,,tropomyosin,,
Octopus vulgaris,wheat,,tropomyosin,,
Oryza sativa,rice,,lactoylglutathione lyase,,
Glycine max,wheat,,"unknown function,  partial",,
Zea mays,wheat,,polygalacturonase,,
Zea mays,wheat,,polygalacturonase,,
Zea mays,wheat,,polygalacturonase,,
Lupinus albus,wheat,,"7S globulin, vicilin, beta-conglutin, partial",,
Portunus sanguinolentus,wheat,,tropomyosin,,
Caryota mitis,fishtail palm,,profilin,,
Balanus rostratus,wheat,,tropomyosin,,
Triticum aestivum,wheat,,serine carboxypeptidase,,
Marsupenaeus japonicus,wheat,,tropomyosin,,
Paralithodes camtschaticus,wheat,,tropomyosin,,
Paralithodes camtschaticus,wheat,,tropomyosin,,
Erimacrus isenbeckii,wheat,,tropomyosin,,
Erimacrus isenbeckii,wheat,,tropomyosin,,
Eriocheir sinensis,wheat,,tropomyosin,,
Fagopyrum tataricum,wheat,,"2S albumin, conglutin",,
Vitis sp.,wheat,,"lipid transfer protein, partial",,
Portunus trituberculatus,wheat,,tropomyosin,,
Sinonovacula constricta,wheat,,tropomyosin,,
Euphausia superba,wheat,,tropomyosin,,
Euphausia pacifica,wheat,,tropomyosin,,
Oratosquilla oratoria,wheat,,tropomyosin,,
Cucumis melo,wheat,,"pathogenesis related protein, PR-1",,
Sesamum indicum,wheat,,aldehyde dehydrogenase,,
Glycine max,wheat,,"7S globulin, vicilin, partial",,
Glycine max,wheat,,"7S globulin, vicilin, partial",,
Glycine max,wheat,,"7S globulin, vicilin, partial",,
Glycine max,wheat,,"7S globulin, vicilin, partial",,
Prunus dulcis,wheat,,thaumatin-like,,
Triticum aestivum,wheat,,glutathione S-transferase,,
Triticum aestivum,wheat,,LMW glutenin,,
Triticum aestivum,wheat,,LMW glutenin,,
Triticum aestivum,wheat,,LMW glutenin,,
Venerupis philippinarum,wheat,,tropomyosin,,
Haliotis discus,wheat,,tropomyosin,,
Turbo cornutus,wheat,,tropomyosin,,
Neptunea polycostata,wheat,,tropomyosin,,
Scapharca broughtonii,wheat,,tropomyosin,,
Fulvia mutica,wheat,,tropomyosin,,
Pseudocardium sachalinense,wheat,,tropomyosin,,
Tresus keenae,wheat,,tropomyosin,,
Solen strictus,wheat,,tropomyosin,,
Salvelinus fontinalis,wheat,,"calcium-binding protein, parvalbumin",,
Salvelinus fontinalis,wheat,,"calcium-binding protein, parvalbumin",,
Thunnus albacares,wheat,,aldolase,,
Merluccius australis,wheat,,"calcium-binding protein, parvalbumin",,
Merluccius bilinearis,wheat,,"calcium-binding protein, parvalbumin",,
Merluccius capensis,wheat,,"calcium-binding protein, parvalbumin",,
Merluccius merluccius,wheat,,"calcium-binding protein, parvalbumin",,
Merluccius paradoxus,wheat,,"calcium-binding protein, parvalbumin",,
Merluccius polli,wheat,,"calcium-binding protein, parvalbumin",,
Merluccius productus,wheat,,"calcium-binding protein, parvalbumin",,
Macruronus novaezelandiae,wheat,,"calcium-binding protein, parvalbumin",,
Merluccius bilinearis,wheat,,"calcium-binding protein, parvalbumin",,
Merluccius paradoxus,wheat,,"calcium-binding protein, parvalbumin",,
Merluccius polli,wheat,,"calcium-binding protein, parvalbumin",,
Merluccius bilinearis,wheat,,"calcium-binding protein, parvalbumin",,
Merluccius gayi,wheat,,"calcium-binding protein, parvalbumin",,
Chionoecetes opilio,wheat,,tropomyosin,,
Prunus persica,wheat,,lipid transfer protein,,
Prunus armeniaca,wheat,,lipid transfer protein,,
Prunus armeniaca,wheat,,lipid transfer protein,,
Prunus armeniaca,wheat,,lipid transfer protein,,
Haliotis discus,wheat,,paramyosin,,
Evynnis japonica,wheat,,"calcium-binding protein, parvalbumin",,
Evynnis japonica,wheat,,"calcium-binding protein, parvalbumin",,
Amphioctopus fangsiao,wheat,,arginine kinase,,
Penaeus merguiensis (Fenneropenaeus merguiensis),wheat,,"enolase, partial",,
Pyrus communis,wheat,,"lipid transfer protein, partial",,
Lycium barbarum,wheat,,"lipid transfer protein, partial",,
Daucus carota,wheat,,cyclophilin,,
Thunnus albacares,wheat,,enolase,,
Glycine max,wheat,,"7S globulin, vicilin, partial",,
Actinidia arguta,wheat,,kiwellin,,
Actinidia arguta,wheat,,kiwellin,,
Actinidia arguta,wheat,,kiwellin,,
Actinidia chinensis,wheat,,thaumatin-like,,
Manilkara zapota,wheat,,"thaumatin-like, partial ",,
Triticum aestivum,wheat,,"omega-5 gliadin, partial",,
Penaeus merguiensis (Fenneropenaeus merguiensis),wheat,,"hemocyanin, arylphorin",,
Prunus persica,wheat,,lipid transfer protein,,
Macrobrachium rosenbergii,wheat,,tropomyosin,,
Fagopyrum esculentum,wheat,,13S globulin ,,
Fagopyrum esculentum,wheat,,13S globulin ,,
Morus alba,white legged freshwater shrimp,,"pathogenesis related protein, PR-10, Bet v 1-like",,
Fragaria x ananassa,white mulberry,,"pathogenesis related protein, PR-10, Bet v 1-like",,
Penaeus chinensis,white mustard,,arginine kinase,,
Musa acuminata,white mustard,,catalase,,
Triticum aestivum,white mustard,,expansin,,
Triticum aestivum,white mustard,,unknown function,,
Sinapis alba,white mustard,,"unknown function, partial from KAF8044512.1",,
Sinapis alba,white mustard,,"unknown function, partial",,
Sinapis alba,white mustard,,"unknown function, partial",,
Sinapis alba,white mustard,,"unknown function, partial",,
Gallus gallus,white mustard,,vitellogenin,,
Malassezia furfur,white mustard,,unknown function,,
Oncorhynchus mykiss,white mustard,,"calcium-binding protein, parvalbumin",,
Oncorhynchus mykiss,white mustard,,"calcium-binding protein, parvalbumin",,
Oncorhynchus mykiss,white mustard,,collagen,,
Lathyrus sativus,white mustard,,"7S globulin, vicilin",,
Prunus dulcis,white oak,,"7S globulin, vicilin, beta-conglutin, partial from QFG58557.1",,
Mangifera indica,white shrimp,,"beta-1,3-glucanase, partial from ABD16200.1",,
Mangifera indica,white shrimp,,"beta-1,3-glucanase, partial from ABD16200.1",,
Actinidia chinensis,whiteleg shrimp,,"phytocystatin, partial ",,
Chionoecetes opilio,whiteleg shrimp,,arginine kinase ,,
Scylla serrata,whiteleg shrimp,,arginine kinase ,,
Dioscorea opposita,wild cabbage,,"dioscorin, partial",,
Fagopyrum esculentum,winter squash,,"7S globulin, vicilin-like, partial",,
Fagopyrum esculentum,winter squash,,trypsin-inhibitor,,
Penaeus monodon,winter squash,,"enolase, partial",,
Penaeus monodon,winter squash,,"enolase, partial",,
Buchanania lanzan,winter squash,,"defensin, partial",,
Buchanania lanzan,winter squash,,"defensin, partial",,
Buchanania lanzan,winter squash,,"defensin, partial",,
Triticum aestivum,wolfberry,,"alpha-amylase inhibitor, partial from P16347.1",,
Phoenix sylvestris,yak,,"7S globulin, vicilin-like, partial",,
Phoenix sylvestris,yak,,"7S globulin, vicilin-like, partial",,
Phoenix sylvestris,yak,,"7S globulin, vicilin-like, partial",,
Phoenix sylvestris,yak,,"carbonic anhydrase, partial",,
Phoenix sylvestris,yak,,"carbonic anhydrase, partial",,
Phoenix sylvestris,yak,,"carbonic anhydrase, partial",,
Phoenix sylvestris,yak,,"alpha 1, 4 glucan synthase, partial",,
Phoenix sylvestris,yak,,"alpha 1, 4 glucan synthase, partial",,
Phoenix sylvestris,yak,,"alpha 1, 4 glucan synthase, partial",,
Phoenix sylvestris,yak,,"alpha 1, 4 glucan synthase, partial",,
Phoenix sylvestris,yak,,"glycerol kinase, partial",,
Phoenix sylvestris,yak,,"isoflavon reductase-like protein, phenylcoumaran benzylic ether reductase, partial",,
Phoenix sylvestris,yak,,"isoflavon reductase-like protein, phenylcoumaran benzylic ether reductase, partial",,
Phoenix sylvestris,yak,,"S-adenosylmethionine synthase 1-like, partial",,
Phoenix sylvestris,yak,,"S-adenosylmethionine synthase 1-like, partial",,
Phoenix sylvestris,yak,,"S-adenosylmethionine synthase 1-like, partial",,
Phoenix sylvestris,yak,,"beta-galactosidase, partial",,
Phoenix sylvestris,yak,,"beta-galactosidase, partial",,
Triticum aestivum,yak,,"peroxidase-1, partial from ADJ67792.1",,
Triticum aestivum,yak,,"beta-glucosidase 4, partial from AEV76986.1",,
Triticum aestivum,yak,,"beta-glucosidase 4, partial from AEV76986.1",,
Triticum aestivum,yeast,,"beta-glucosidase 4, partial from AEV76986.1",,
Triticum aestivum,yeast,,"beta-glucosidase 4, partial from AEV76986.1",,
Triticum aestivum,yeast,,"beta-glucosidase 4, partial from AEV76986.1",,
Triticum aestivum,yeast,,"beta-glucosidase 4, partial from AEV76986.1",,
Macrobrachium lanchesteri,yeast,,"tropomyosin, partial from QXO82627.1",,
Macrobrachium lanchesteri,yeast,,"tropomyosin, partial from QXO82627.1",,
Macrobrachium lanchesteri,yeast,,"tropomyosin, partial from QXO82627.1",,
Cherax quadricarinatus,yeast,,"tropomyosin, partial from QXO82628.1",,
Cherax quadricarinatus,yeast,,"tropomyosin, partial from QXO82628.1",,
Cherax quadricarinatus,yeast,,"tropomyosin, partial from QXO82628.1",,
Cherax quadricarinatus,yeast,,"tropomyosin, partial from QXO82628.1",,
Cherax quadricarinatus,yeast,,"tropomyosin, partial from QXO82628.1",,
Malus domestica,yeast,,"gibberellin-regulated protein, partial from A0A498HTE5",,
Thunnus tonggol,yeast,,"calcium-binding protein, parvalbumin, partial",,
Thunnus tonggol,yeast,,"creatine kinase, partial",,
Thunnus tonggol,yeast,,"creatine kinase, partial",,
Thunnus tonggol,yeast,,"creatine kinase, partial",,
Thunnus tonggol,yeast,,"creatine kinase, partial",,
Thunnus tonggol,yeast,,"creatine kinase, partial",,
Thunnus tonggol,yeast,,"enolase, partial",,
Thunnus tonggol,yeast,,"enolase, partial",,to delete:
Thunnus tonggol,yellowfin tuna,,"enolase, partial",,
Thunnus tonggol,yellowfin tuna,,"enolase, partial",,
Thunnus tonggol,yellowfin tuna,,"enolase, partial",,
Macadamia integrifolia,yellowfin tuna,,lipid transfer protein,,
